{"id":"a2be7bf1-1c37-426e-8cb1-3dd8e0ccc613","connectorTypeString":"SUCCESS_FACTORS","accessMode":"READ","destinationName":"","alias":"SFSF to WorkZone Replication for Joule","gitAllowedExpressions":[],"gitDisallowedExpressions":[],"emailSubscribers":[],"name":"SuccessFactors - SF-Company-ID - Joule","tenantId":"techrig","state":"ENABLED","systemManagementType":"CUSTOMER_MANAGED","properties":{"Authentication":"ClientCertificateAuthentication","ips.full.read.force.count":"5","ips.trace.failed.entity.content":"true","ProxyType":"Internet","sf.api.version":"2","sf.company.id":"<SF-Company-ID>","sf.group.filter":"urn:ietf:params:scim:schemas:extension:sap:2.0:Group:type eq \"deepLinkActivationPermission\"","sf.group.members.paging.enabled":"true","sf.user.filter":"active eq \"true\" and userName eq \"<yourUser>\"","Type":"HTTP","URL":"<api-url-for-cert-server>"},"encryptedProperties":{},"automaticOutboundCertificateRenew":false,"transformationChanged":true,"readTransformationChanged":false,"writeTransformationChanged":false,"fromImport":false,"gitFetchAllowed":false,"transformation":{"user":{"mappings":[{"sourcePath":"$.schemas","preserveArrayWithSingleElement":true,"targetPath":"$.schemas"},{"sourcePath":"$.id","targetVariable":"entityIdSourceSystem"},{"sourcePath":"$.userName","targetPath":"$.userName","correlationAttribute":true},{"sourcePath":"$.active","targetPath":"$.active"},{"sourcePath":"$.userType","targetPath":"$.userType"},{"sourcePath":"$.name.familyName","optional":true,"targetPath":"$.name.familyName"},{"sourcePath":"$.name.givenName","optional":true,"targetPath":"$.name.givenName"},{"sourcePath":"$.name.middleName","optional":true,"targetPath":"$.name.middleName"},{"sourcePath":"$.name.honorificPrefix","optional":true,"targetPath":"$.name.honorificPrefix"},{"sourcePath":"$.name.honorificSuffix","optional":true,"targetPath":"$.name.honorificSuffix"},{"sourcePath":"$.name.formatted","optional":true,"targetPath":"$.name.formatted"},{"sourcePath":"$.nickName","optional":true,"targetPath":"$.nickName"},{"sourcePath":"$.title","optional":true,"targetPath":"$.title"},{"sourcePath":"$.displayName","optional":true,"targetPath":"$.displayName"},{"sourcePath":"$.emails","preserveArrayWithSingleElement":true,"optional":true,"targetPath":"$.emails"},{"sourcePath":"$.emails[?(@.primary== true)].value","optional":true,"correlationAttribute":true},{"sourcePath":"$.phoneNumbers","preserveArrayWithSingleElement":true,"optional":true,"targetPath":"$.phoneNumbers"},{"sourcePath":"$.preferredLanguage","optional":true,"targetPath":"$.preferredLanguage"},{"sourcePath":"$.locale","optional":true,"targetPath":"$.locale"},{"sourcePath":"$.timezone","optional":true,"targetPath":"$.timezone"},{"sourcePath":"$.externalId","optional":true,"targetPath":"$.externalId"},{"sourcePath":"$.groups","preserveArrayWithSingleElement":true,"optional":true,"targetPath":"$.groups"},{"sourcePath":"$['urn:ietf:params:scim:schemas:extension:enterprise:2.0:User']['employeeNumber']","optional":true,"targetPath":"$['urn:ietf:params:scim:schemas:extension:enterprise:2.0:User']['employeeNumber']"},{"sourcePath":"$['urn:ietf:params:scim:schemas:extension:enterprise:2.0:User']['department']","optional":true,"targetPath":"$['urn:ietf:params:scim:schemas:extension:enterprise:2.0:User']['department']"},{"sourcePath":"$['urn:ietf:params:scim:schemas:extension:enterprise:2.0:User']['division']","optional":true,"targetPath":"$['urn:ietf:params:scim:schemas:extension:enterprise:2.0:User']['division']"},{"sourcePath":"$['urn:ietf:params:scim:schemas:extension:enterprise:2.0:User']['manager']['value']","optional":true,"targetPath":"$['urn:ietf:params:scim:schemas:extension:enterprise:2.0:User']['manager']['value']"},{"sourcePath":"$['urn:ietf:params:scim:schemas:extension:enterprise:2.0:User']['manager']['displayName']","optional":true,"targetPath":"$['urn:ietf:params:scim:schemas:extension:enterprise:2.0:User']['manager']['displayName']"},{"sourcePath":"$['urn:ietf:params:scim:schemas:extension:enterprise:2.0:User']['manager']['$ref']","optional":true,"targetPath":"$['urn:ietf:params:scim:schemas:extension:enterprise:2.0:User']['manager']['$ref']"},{"sourcePath":"$['urn:ietf:params:scim:schemas:extension:sap:2.0:User']['userUuid']","optional":true,"targetPath":"$['urn:ietf:params:scim:schemas:extension:sap:2.0:User']['userUuid']"},{"sourcePath":"$['urn:ietf:params:scim:schemas:extension:sap:2.0:User']['groupDomains']","preserveArrayWithSingleElement":true,"optional":true,"targetPath":"$['urn:ietf:params:scim:schemas:extension:sap:2.0:User']['groupDomains']"},{"sourcePath":"$['urn:ietf:params:scim:schemas:extension:successfactors:2.0:User']['perPersonUuid']","optional":true,"targetPath":"$['urn:ietf:params:scim:schemas:extension:successfactors:2.0:User']['perPersonUuid']"},{"sourcePath":"$['urn:ietf:params:scim:schemas:extension:successfactors:2.0:User']['personIdExternal']","optional":true,"targetPath":"$['urn:ietf:params:scim:schemas:extension:successfactors:2.0:User']['personIdExternal']"},{"sourcePath":"$['urn:ietf:params:scim:schemas:extension:successfactors:2.0:User']['loginMethod']","optional":true,"targetPath":"$['urn:ietf:params:scim:schemas:extension:successfactors:2.0:User']['loginMethod']"},{"sourcePath":"$['urn:ietf:params:scim:schemas:extension:successfactors:2.0:User']['isDraft']","optional":true,"targetPath":"$['urn:ietf:params:scim:schemas:extension:successfactors:2.0:User']['isDraft']"},{"sourcePath":"$['urn:ietf:params:scim:schemas:extension:successfactors:2.0:User']['customFields']","optional":true,"targetPath":"$['urn:ietf:params:scim:schemas:extension:successfactors:2.0:User']['customFields']"},{"constant":false,"targetPath":"$['urn:sap:cloud:scim:schemas:extension:sap.ips.sfsf.sac:2.0:User']['hasEmbeddedAnalyticsPermission']"},{"condition":"$['urn:ietf:params:scim:schemas:extension:sap:2.0:User']['groupDomains'][?(@.value == 'embeddedAnalyticsAccessPermission')] empty false","constant":true,"targetPath":"$['urn:sap:cloud:scim:schemas:extension:sap.ips.sfsf.sac:2.0:User']['hasEmbeddedAnalyticsPermission']"}]},"group":{"ignore":false,"mappings":[{"sourcePath":"$.id","targetPath":"$.id","targetVariable":"entityIdSourceSystem"},{"sourcePath":"$.schemas","targetPath":"$.schemas"},{"sourcePath":"$.displayName","targetPath":"$.displayName"},{"sourcePath":"$.members","preserveArrayWithSingleElement":true,"optional":true,"targetPath":"$.members"},{"sourcePath":"$.id","targetPath":"$.externalId"}]}}}