{"id":"67eff4e0-48c6-4386-a78e-78e108d00cd1","connectorTypeString":"CFLP","accessMode":"WRITE","destinationName":"","alias":"WorkZoneJouleTCDev","relatedSystems":["SuccessFactors - TCDev - source copy"],"gitAllowedExpressions":[],"gitDisallowedExpressions":[],"emailSubscribers":[],"name":"WorkZoneJouleTCDev","tenantId":"artimjrst","state":"ENABLED","systemManagementType":"CUSTOMER_MANAGED","properties":{"Authentication":"BasicAuthentication","cflp.bulk.operations.max.count":"100","cflp.group.unique.attribute":"externalId,['urn:ietf:params:scim:schemas:extension:2.0:mapping']['providerId']","cflp.patch.group.members.above.threshold":"5000","cflp.providerId":"SFSF","cflp.support.bulk.operation":"False","cflp.user.unique.attribute":"emails[0].value,['urn:ietf:params:scim:schemas:extension:2.0:mapping']['providerId'],externalId","ips.delete.existedbefore.entities":"true","ips.trace.failed.entity.content":"false","OAuth2TokenServiceURL":"https://joule-tcqa-environment-9z144t1r.authentication.us10.hana.ondemand.com/oauth/token","ProxyType":"Internet","Type":"HTTP","URL":"https://portal-service.cfapps.us10.hana.ondemand.com","User":"sb-ea5cd467-f197-459c-ae82-f520246e97c3!b245792|portal-cf-service!b1483"},"encryptedProperties":{"Password":null},"automaticOutboundCertificateRenew":false,"transformationChanged":true,"readTransformationChanged":false,"writeTransformationChanged":false,"fromImport":false,"transformation":{"user":{"skipOperations":["update"],"mappings":[{"sourceVariable":"entityIdTargetSystem","targetPath":"$.id"},{"constant":"urn:ietf:params:scim:schemas:core:2.0:User","targetPath":"$.schemas[0]"},{"constant":"%cflp.providerId%","targetPath":"$['urn:ietf:params:scim:schemas:extension:2.0:mapping']['providerId']"},{"condition":"$.emails[?(@.primary == true)].value == []","sourcePath":"$.emails[0].value","optional":true,"targetPath":"$.emails[0].value"},{"condition":"$.emails[?(@.primary == true)].value != []","sourcePath":"$.emails[?(@.primary == true)].value","preserveArrayWithSingleElement":true,"optional":true,"targetPath":"$.emails[0].value","functions":[{"function":"elementAt","index":0}]},{"condition":"$.emails[0].length() > 0","constant":true,"targetPath":"$.emails[0].primary"},{"sourcePath":"$['urn:ietf:params:scim:schemas:extension:sap:2.0:User']['userUuid']","optional":true,"targetPath":"$.externalId"},{"sourcePath":"$.groups[*].value","preserveArrayWithSingleElement":true,"optional":true,"targetPath":"$.groups[?(@.value)]","functions":[{"function":"resolveEntityIds","entityType":"group"}]}]},"group":{"mappings":[{"sourceVariable":"entityIdTargetSystem","targetPath":"$.id"},{"constant":"%cflp.providerId%","targetPath":"$['urn:ietf:params:scim:schemas:extension:2.0:mapping']['providerId']"},{"constant":"urn:ietf:params:scim:schemas:core:2.0:Group","targetPath":"$.schemas[0]"},{"constant":"urn:ietf:params:scim:schemas:core:2.0:mapping","optional":true,"targetPath":"$.schemas[1]"},{"sourcePath":"$.externalId","optional":true,"targetPath":"$.externalId","functions":[{"function":"replaceAllString","regex":"(?i)(^pcd:)","replacement":""},{"function":"replaceString","target":"/","replacement":":"},{"function":"replaceString","target":"(","replacement":"@"},{"function":"replaceString","target":")","replacement":"+"}]},{"sourcePath":"$.members[*].value","preserveArrayWithSingleElement":true,"optional":true,"targetPath":"$.members[?(@.value)]","functions":[{"function":"resolveEntityIds"}]}]}},"gitFetchAllowed":false}